{
  "bsonType": "object",
  "required": ["username", "mobile", "address"],
  "permission": {
    "read": true,
    "create": true,
    "update": true,
    "delete": true
  },
  "properties": {
    "_id": {
      "description": "存储文档 ID（用户 ID），系统自动生成"
    },
    "username": {
      "bsonType": "string",
      "title": "姓名",
      "description": "姓名",
      "order": 1,
      "trim": "both"
    },
    "gender": {
      "bsonType": "int",
      "title": "性别",
      "description": "用户性别：0 未知 1 男性 2 女性",
      "order": 2,
      "defaultValue": 0,
      "enum": [
        { "text": "未知", "value": 0 },
        { "text": "男",   "value": 1 },
        { "text": "女",   "value": 2 }
      ]
    },
   
    "nation_china": {
      "bsonType": "string",
      "title": "民族",
      "order": 3,
      "enum": {
        "collection": "opendb-nation-china",
        "field": "name as text, _id as value"
      },
      "foreignKey": "opendb-nation-china._id",
      "component": {
        "name": "uni-data-picker"
      }
    },
	"address": {
	  "bsonType": "string",
	  "title": "地址",
	  "order": 4,
	  "enum": {
	    "collection": "opendb-city-china",
	    "field": "code as value,name as text"
	  },
	  "foreignKey": "opendb-city-china.code",
	  "enumType": "tree"
	},
    "mobile": {
      "bsonType": "string",
      "title": "电话",
      "order": 5,
      "description": "电话",
      "pattern": "^\\+?[0-9-]{3,20}$",
      "trim": "both"
    },
    "email": {
      "bsonType": "string",
      "format": "email",
      "title": "邮箱",
      "order": 6,
      "description": "邮箱地址",
      "trim": "both"
    },
    "comment": {
      "bsonType": "string",
      "title": "备注",
      "order": 7,
      "description": "备注",
      "trim": "both",
      "component": {
        "name": "textarea"
      }
    },
    "create_date": {
      "bsonType": "timestamp",
      "description": "创建时间",
      "order": 8,
      "forceDefaultValue": {
        "$env": "now"
      }
    }
  },
  "version": "0.0.4"
}
