{
	"pages": [ //pages数组中第一项表示应用启动页，参考：https://uniapp.dcloud.io/collocation/pages
		{
			"path": "pages/news/news",
			"style": {
				"navigationBarTitleText": "新闻页",
				"enablePullDownRefresh": false
			}
		},
		{
			"path": "pages/news/detail",
			"style": {
				"navigationBarTitleText": "新闻详情"
			}
		},
		{
			"path": "pages/video/video",
			"style": {
				"navigationBarTitleText": "视频页",
				"enablePullDownRefresh": false
			}
		},
		{
		    "path": "pages/video/videodetail",
		    "style": {
		        "navigationBarTitleText": "视频详情",
		        "enablePullDownRefresh": false
			}
		},
		{
			"path": "pages/topic/topic",
			"style": {
				"navigationBarTitleText": "话题页",
				"enablePullDownRefresh": false
			}
		},
		{
			"path": "pages/topic/addtopic",
			"style": {
				"navigationBarTitleText": "话题页",
				"enablePullDownRefresh": false
			}
		},
		{
			"path": "pages/my/my",
			"style": {}
		},
		{
			"path" : "pages/my/list",
			"style" : 
			{
				"navigationBarTitleText" : ""
			}
		},
		{
			"path" : "pages/my/addcontact",
			"style" : 
			{
				"navigationBarTitleText" : ""
			}
		},
		{
			"path" : "pages/my/updatecontact",
			"style" : 
			{
				"navigationBarTitleText" : ""
			}
		}
	,{
    "path": "pages/opendb-contacts/add",
    "style": {
        "navigationBarTitleText": "新增"
    }
}
,{
    "path": "pages/opendb-contacts/edit",
    "style": {
        "navigationBarTitleText": "编辑"
    }
}
,{
    "path": "pages/opendb-contacts/list",
    "style": {
        "navigationBarTitleText": "列表"
    }
}
,{
    "path": "pages/opendb-contacts/detail",
    "style": {
        "navigationBarTitleText": "详情"
    }
}
],
	"globalStyle": {
		"navigationBarTitleText": "学习强国",
		"navigationBarTextStyle": "white",
		"navigationBarBackgroundColor": "#aa0000",
		"backgroundColor": "#f8f8f8"
	},
	"tabBar": {
		"borderStyle": "white",
		"backgroundColor": "#ffffff",
		"color": "#8F8f94",
		"selectedColor": "#aa0000",
		"list": [
			{
				"pagePath": "pages/news/news",
				"text": "学习",
				"iconPath": "static/学习强国1.png",
				"selectedIconPath": "static/学习强国2.png"
			},
			{
				"pagePath": "pages/video/video",
				"text": "百灵",
				"iconPath": "static/百灵1.png",
				"selectedIconPath": "static/百灵2.png"
			},
			{
				"pagePath": "pages/topic/topic",
				"text": "话题",
				"iconPath": "static/话题1.png",
				"selectedIconPath": "static/话题2.png"
			},
			{
				"pagePath": "pages/my/my",
				"text": "我的",
				"iconPath": "static/我的1.png",
				"selectedIconPath": "static/我的2.png"
			}
		]
	},
	"uniIdRouter": {},
	"condition": { //模式配置，仅开发期间生效
		"current": 0, //当前激活的模式(list 的索引项)
		"list": [
			{
				"name": "视频", //模式名称
				"path": "pages/video/video", //启动页面，必选
				"query": "" //启动参数，在页面的onLoad函数里面得到
			},
			{
				"name": "话题", //模式名称
				"path": "pages/topic/topic", //启动页面，必选
				"query": "" //启动参数，在页面的onLoad函数里面得到
			},
			{
				"name": "我的", //模式名称
				"path": "pages/my/my", //启动页面，必选
				"query": "id=" //启动参数，在页面的onLoad函数里面得到
			}
		]
	},
	"rightWindow": {
		"path": "./responsive/right-window", // 指定 rightWindow 页面文件
		"style": {
			"width": "calc(100vw - 400px)" // 页面宽度
		},
		"matchMedia": {
			"minWidth": 768 // 生效条件，当窗口宽度大于768px时显示
		}
	}
}